{"cameraMode":{"drawMode":0,"name":"Shaded","section":"Shading Mode"},"sceneLighting":true,"audioPlay":false,"sceneViewState":{"m_AlwaysRefresh":false,"showFog":true,"showSkybox":true,"showFlares":true,"showImageEffects":true,"showParticleSystems":true,"showVisualEffectGraphs":true,"m_FxEnabled":true},"in2DMode":false,"pivot":{"x":491.5807800292969,"y":236.970458984375,"z":6.293891906738281},"rotation":{"x":-0.006309443153440952,"y":0.0035974900238215925,"z":-0.00002263673195557203,"w":-0.999974250793457},"size":350.6695556640625,"orthographic":true}